outer_fold,condition,parent_macro_f1,delta_from_clean,raw_ece_10_bin,raw_brier,raw_nll,calibrated_ece_10_bin,calibrated_brier,calibrated_nll
1,clean,0.8928571428571428,0.0,0.0988192006393715,0.23576624740391974,0.42155033349990845,0.12105932279869361,0.252200623074809,0.7827464938163757
2,clean,0.8898809523809524,0.0,0.18978594587399408,0.15970131738621435,0.32458922266960144,0.08155472003496612,0.10663507740578303,0.20173022150993347
3,clean,0.9479166666666666,0.0,0.1493510866165161,0.22224240347359353,0.41243213415145874,0.11617861747741702,0.1868274815982656,0.7066023945808411
4,clean,1.0,0.0,0.16916869809994334,0.06913531613021433,0.19784611463546753,0.0905678363946768,0.032247668392011396,0.10305789113044739
5,clean,0.7619949494949495,0.0,0.20413696536651024,0.21667217316291124,0.397516131401062,0.11467344944293685,0.1994810518131661,0.3678833544254303
1,contrast_half,0.5547619047619047,-0.3380952380952381,0.25745168880180075,0.5621035247899394,0.8714572191238403,0.34148831499947446,0.6994601866766159,1.5488264560699463
2,contrast_half,0.26666666666666666,-0.6232142857142857,0.3294505694737801,0.5389127340541511,0.8717928528785706,0.3454075318116408,0.6755901057520453,1.0530283451080322
3,contrast_half,0.41666666666666663,-0.53125,0.34610088586807247,0.6558208300503127,0.9897788763046265,0.43775286912918093,0.8711803404820373,2.8532631397247314
4,contrast_half,0.14864864864864866,-0.8513513513513513,0.30029957111065203,0.6462870748847265,0.9894673824310303,0.39152593337572533,0.7516006258848236,1.1753147840499878
5,contrast_half,0.30952380952380953,-0.45247113997113997,0.30588435897460353,0.6291069173104921,1.0061118602752686,0.439443418612847,0.872152658801244,2.109666109085083
1,doppler_shift_8px,0.9222222222222223,0.029365079365079483,0.11334639346158065,0.22163439818401845,0.376569926738739,0.1475718142809691,0.24302687231881576,0.5897958278656006
2,doppler_shift_8px,0.849624060150376,-0.04025689223057649,0.13062990170258743,0.1999652645045759,0.3640834093093872,0.09250059036108164,0.16348268229723956,0.2516464591026306
3,doppler_shift_8px,0.9479166666666666,0.0,0.13906747341156003,0.20912827566294226,0.3854309320449829,0.11362386465072635,0.1830465466580564,0.6256603002548218
4,doppler_shift_8px,1.0,0.0,0.1974649578332901,0.0873987347743835,0.23226919770240784,0.11277057115848249,0.04022451203546921,0.12752296030521393
5,doppler_shift_8px,0.7619949494949495,0.0,0.14103947465236372,0.21736954045262116,0.40266579389572144,0.09555943654133729,0.20913120515957778,0.34969690442085266
1,gaussian_noise_0.05,0.6677777777777778,-0.225079365079365,0.24857288819772227,0.5673654455983519,1.009673833847046,0.36799859117578576,0.7223597600048499,2.2598776817321777
2,gaussian_noise_0.05,0.5129310344827587,-0.37694991789819376,0.3361986508736244,0.6813422255184964,1.146116852760315,0.42720399911587054,0.8556930272136302,1.9861382246017456
3,gaussian_noise_0.05,0.3951612903225806,-0.552755376344086,0.5244764709472657,1.0312214517542961,3.466367721557617,0.5198384714126587,1.0399992332158023,11.61584186553955
4,gaussian_noise_0.05,0.5726190476190476,-0.4273809523809524,0.4070822734099169,0.7482920845682884,1.3246114253997803,0.4438152336157285,0.8320415359900571,1.8415013551712036
5,gaussian_noise_0.05,0.3326612903225806,-0.4293336591723689,0.5242599684458512,1.0042209348308573,4.192748069763184,0.5255527060765487,1.0232837684686902,10.938017845153809
1,gaussian_noise_0.10,0.390625,-0.5022321428571428,0.54182795242027,1.0549102159556067,10.649861335754395,0.5318953306586653,1.047673999972084,14.34546947479248
2,gaussian_noise_0.10,0.3433179723502304,-0.546562980030722,0.5700495288922236,1.1456834837960357,11.87758731842041,0.576665644462292,1.1533124082259008,15.09508228302002
3,gaussian_noise_0.10,0.340625,-0.6072916666666666,0.5576354241371155,1.1201610763267578,14.738635063171387,0.559999225139618,1.1200000000272998,15.473372459411621
4,gaussian_noise_0.10,0.28348214285714285,-0.7165178571428572,0.5537985058931205,1.100711953263123,13.57846450805664,0.5569865634808174,1.1013781268141043,14.288740158081055
5,gaussian_noise_0.10,0.28348214285714285,-0.47851280663780665,0.5754365966870234,1.1522244309744367,13.55860710144043,0.5769226596905634,1.1538460187265995,15.110319137573242
1,time_mask_20pct,0.7976190476190476,-0.09523809523809523,0.08665011878366824,0.2515602685995694,0.44423186779022217,0.15316934497268112,0.2812808782693132,0.7573481202125549
2,time_mask_20pct,0.9285714285714286,0.038690476190476164,0.23619702229133022,0.17547993417817295,0.3707517087459564,0.06992527613273034,0.096704595196069,0.20023521780967712
3,time_mask_20pct,0.8901098901098901,-0.05780677655677657,0.16966917395591735,0.2507199421357231,0.45046794414520264,0.14872192382812505,0.2549881622368024,0.7815834283828735
4,time_mask_20pct,0.9511278195488722,-0.048872180451127845,0.1796581424199618,0.11488352075106027,0.26908785104751587,0.09843223828535815,0.07396721786815842,0.1692141890525818
5,time_mask_20pct,0.7619949494949495,0.0,0.1458584574552683,0.2528744306079754,0.47502729296684265,0.13986858725547788,0.2446598681679932,0.41020333766937256
1,zero_doppler_mask_15pct,0.614766081871345,-0.27809106098579783,0.1405483583609263,0.40778016733044536,0.7360787987709045,0.20338951658319548,0.4442698307521481,1.4125604629516602
2,zero_doppler_mask_15pct,0.12903225806451613,-0.7608486943164363,0.46552870594538176,0.860274805156408,1.3335318565368652,0.5804179700521322,1.0702532213020048,2.251094341278076
3,zero_doppler_mask_15pct,0.5718864468864469,-0.3760302197802198,0.18285837411880493,0.4788704581964315,0.6811174750328064,0.31718177318573,0.6707152798303114,1.185275673866272
4,zero_doppler_mask_15pct,0.4051724137931034,-0.5948275862068966,0.23138718880139866,0.5213632743249141,0.8628021478652954,0.34716819112117475,0.5836353176082821,1.0427809953689575
5,zero_doppler_mask_15pct,0.27499999999999997,-0.48699494949494954,0.3677638723300054,0.6742557641626435,0.9838379621505737,0.48566438601567197,0.9532971535809699,2.1930315494537354
